<?xml version="1.0" encoding="UTF-8"?>
<!-- IMPORTANT: This is an internal file that has been generated
     by the Xilinx ISE software.  Any direct editing or
     changes made to this file may result in unpredictable
     behavior or data corruption.  It is strongly advised that
     users do not edit the contents of this file. -->
<DeviceUsageSummary rev="19">
<DesignStatistics TimeStamp="Mon Oct 14 22:11:14 2013"><group name="NetStatistics">
<item name="NumNets_Active" rev="18">
<attrib name="value" value="154"/></item>
<item name="NumNets_Gnd" rev="18">
<attrib name="value" value="1"/></item>
<item name="NumNets_Vcc" rev="18">
<attrib name="value" value="1"/></item>
<item name="NumNodesOfType_Active_CLKPIN" rev="18">
<attrib name="value" value="25"/></item>
<item name="NumNodesOfType_Active_CNTRLPIN" rev="18">
<attrib name="value" value="26"/></item>
<item name="NumNodesOfType_Active_DOUBLE" rev="18">
<attrib name="value" value="129"/></item>
<item name="NumNodesOfType_Active_DUMMY" rev="18">
<attrib name="value" value="199"/></item>
<item name="NumNodesOfType_Active_DUMMYESC" rev="18">
<attrib name="value" value="5"/></item>
<item name="NumNodesOfType_Active_GLOBAL" rev="18">
<attrib name="value" value="7"/></item>
<item name="NumNodesOfType_Active_INPUT" rev="18">
<attrib name="value" value="258"/></item>
<item name="NumNodesOfType_Active_IOBOUTPUT" rev="18">
<attrib name="value" value="5"/></item>
<item name="NumNodesOfType_Active_OMUX" rev="18">
<attrib name="value" value="117"/></item>
<item name="NumNodesOfType_Active_OUTPUT" rev="18">
<attrib name="value" value="130"/></item>
<item name="NumNodesOfType_Active_PREBXBY" rev="18">
<attrib name="value" value="38"/></item>
<item name="NumNodesOfType_Active_VFULLHEX" rev="18">
<attrib name="value" value="6"/></item>
<item name="NumNodesOfType_Active_VUNIHEX" rev="18">
<attrib name="value" value="15"/></item>
</group>
<group name="SiteStatistics">
<item name="IBUF-DIFFMI" rev="18">
<attrib name="value" value="1"/></item>
<item name="IOB-DIFFM" rev="18">
<attrib name="value" value="10"/></item>
<item name="IOB-DIFFS" rev="18">
<attrib name="value" value="5"/></item>
<item name="SLICEL-SLICEM" rev="18">
<attrib name="value" value="23"/></item>
</group>
<group name="MiscellaneousStatistics">
<item name="AGG_BONDED_IO" rev="19">
<attrib name="value" value="20"/></item>
<item name="AGG_IO" rev="19">
<attrib name="value" value="20"/></item>
<item name="AGG_SLICE" rev="19">
<attrib name="value" value="56"/></item>
<item name="NUM_4_INPUT_LUT" rev="19">
<attrib name="value" value="98"/></item>
<item name="NUM_BONDED_IBUF" rev="19">
<attrib name="value" value="5"/></item>
<item name="NUM_BONDED_IOB" rev="19">
<attrib name="value" value="15"/></item>
<item name="NUM_BUFGMUX" rev="19">
<attrib name="value" value="1"/></item>
<item name="NUM_CYMUX" rev="19">
<attrib name="value" value="74"/></item>
<item name="NUM_LUT_RT" rev="19">
<attrib name="value" value="33"/></item>
<item name="NUM_SLICEL" rev="19">
<attrib name="value" value="56"/></item>
<item name="NUM_SLICE_FF" rev="19">
<attrib name="value" value="49"/></item>
<item name="NUM_XOR" rev="19">
<attrib name="value" value="60"/></item>
</group>
</DesignStatistics>
<ReportConfigData TimeStamp="Tue Oct 01 16:09:17 2013"><group name="SLICEL_CYMUXF">
<item name="0" rev="18">
<attrib name="0" value="38"/><attrib name="0_INV" value="0"/></item>
<item name="1" rev="18">
<attrib name="1_INV" value="1"/><attrib name="1" value="37"/></item>
</group>
<group name="SLICEL_CYMUXG">
<item name="0" rev="18">
<attrib name="0" value="36"/><attrib name="0_INV" value="0"/></item>
</group>
<group name="IBUF_PAD">
<item name="IOATTRBOX" rev="18">
<attrib name="LVCMOS25" value="5"/></item>
</group>
<group name="SLICEL">
<item name="BX" rev="18">
<attrib name="BX_INV" value="1"/><attrib name="BX" value="8"/></item>
<item name="BY" rev="18">
<attrib name="BY" value="5"/><attrib name="BY_INV" value="1"/></item>
<item name="CE" rev="18">
<attrib name="CE" value="1"/><attrib name="CE_INV" value="0"/></item>
<item name="CIN" rev="18">
<attrib name="CIN_INV" value="0"/><attrib name="CIN" value="35"/></item>
<item name="CLK" rev="18">
<attrib name="CLK" value="25"/><attrib name="CLK_INV" value="0"/></item>
<item name="SR" rev="18">
<attrib name="SR" value="25"/><attrib name="SR_INV" value="0"/></item>
</group>
<group name="IOB_OUTBUF">
<item name="IN" rev="18">
<attrib name="IN_INV" value="0"/><attrib name="IN" value="15"/></item>
</group>
<group name="SLICEL_FFX">
<item name="CK" rev="18">
<attrib name="CK" value="24"/><attrib name="CK_INV" value="0"/></item>
<item name="D" rev="18">
<attrib name="D" value="24"/><attrib name="D_INV" value="0"/></item>
<item name="FFX_INIT_ATTR" rev="18">
<attrib name="INIT0" value="24"/></item>
<item name="FFX_SR_ATTR" rev="18">
<attrib name="SRLOW" value="24"/></item>
<item name="LATCH_OR_FF" rev="18">
<attrib name="FF" value="24"/></item>
<item name="SR" rev="18">
<attrib name="SR" value="24"/><attrib name="SR_INV" value="0"/></item>
<item name="SYNC_ATTR" rev="18">
<attrib name="ASYNC" value="24"/></item>
</group>
<group name="SLICEL_XORF">
<item name="1" rev="18">
<attrib name="1_INV" value="1"/><attrib name="1" value="29"/></item>
</group>
<group name="SLICEL_FFY">
<item name="CE" rev="18">
<attrib name="CE" value="1"/><attrib name="CE_INV" value="0"/></item>
<item name="CK" rev="18">
<attrib name="CK" value="25"/><attrib name="CK_INV" value="0"/></item>
<item name="D" rev="18">
<attrib name="D" value="24"/><attrib name="D_INV" value="1"/></item>
<item name="FFY_INIT_ATTR" rev="18">
<attrib name="INIT0" value="25"/></item>
<item name="FFY_SR_ATTR" rev="18">
<attrib name="SRLOW" value="25"/></item>
<item name="LATCH_OR_FF" rev="18">
<attrib name="FF" value="25"/></item>
<item name="SR" rev="18">
<attrib name="SR" value="25"/><attrib name="SR_INV" value="0"/></item>
<item name="SYNC_ATTR" rev="18">
<attrib name="ASYNC" value="25"/></item>
</group>
<group name="BUFGMUX_GCLKMUX">
<item name="DISABLE_ATTR" rev="18">
<attrib name="LOW" value="1"/></item>
<item name="S" rev="18">
<attrib name="S_INV" value="1"/><attrib name="S" value="0"/></item>
</group>
<group name="SLICEL_F5MUX">
<item name="S0" rev="18">
<attrib name="S0" value="1"/><attrib name="S0_INV" value="0"/></item>
</group>
<group name="IOB_PAD">
<item name="DRIVEATTRBOX" rev="18">
<attrib name="12" value="15"/></item>
<item name="IOATTRBOX" rev="18">
<attrib name="LVCMOS25" value="15"/></item>
<item name="SLEW" rev="18">
<attrib name="SLOW" value="15"/></item>
</group>
<group name="IOB">
<item name="O1" rev="18">
<attrib name="O1_INV" value="0"/><attrib name="O1" value="15"/></item>
</group>
<group name="BUFGMUX">
<item name="S" rev="18">
<attrib name="S_INV" value="1"/><attrib name="S" value="0"/></item>
</group>
</ReportConfigData>
<ReportPinData TimeStamp="Tue Oct 01 16:09:17 2013"><group name="SLICEL_CYMUXF">
<item name="0" rev="18">
<attrib name="value" value="38"/></item>
<item name="1" rev="18">
<attrib name="value" value="38"/></item>
<item name="OUT" rev="18">
<attrib name="value" value="38"/></item>
<item name="S0" rev="18">
<attrib name="value" value="38"/></item>
</group>
<group name="SLICEL_CYMUXG">
<item name="0" rev="18">
<attrib name="value" value="36"/></item>
<item name="1" rev="18">
<attrib name="value" value="36"/></item>
<item name="OUT" rev="18">
<attrib name="value" value="36"/></item>
<item name="S0" rev="18">
<attrib name="value" value="36"/></item>
</group>
<group name="IBUF_PAD">
<item name="PAD" rev="18">
<attrib name="value" value="5"/></item>
</group>
<group name="IBUF_INBUF">
<item name="IN" rev="18">
<attrib name="value" value="5"/></item>
<item name="OUT" rev="18">
<attrib name="value" value="5"/></item>
</group>
<group name="BUFGMUX_GCLK_BUFFER">
<item name="IN" rev="18">
<attrib name="value" value="1"/></item>
<item name="OUT" rev="18">
<attrib name="value" value="1"/></item>
</group>
<group name="SLICEL">
<item name="BX" rev="18">
<attrib name="value" value="9"/></item>
<item name="BY" rev="18">
<attrib name="value" value="6"/></item>
<item name="CE" rev="18">
<attrib name="value" value="1"/></item>
<item name="CIN" rev="18">
<attrib name="value" value="35"/></item>
<item name="CLK" rev="18">
<attrib name="value" value="25"/></item>
<item name="COUT" rev="18">
<attrib name="value" value="36"/></item>
<item name="F1" rev="18">
<attrib name="value" value="50"/></item>
<item name="F2" rev="18">
<attrib name="value" value="32"/></item>
<item name="F3" rev="18">
<attrib name="value" value="13"/></item>
<item name="F4" rev="18">
<attrib name="value" value="6"/></item>
<item name="G1" rev="18">
<attrib name="value" value="48"/></item>
<item name="G2" rev="18">
<attrib name="value" value="29"/></item>
<item name="G3" rev="18">
<attrib name="value" value="13"/></item>
<item name="G4" rev="18">
<attrib name="value" value="7"/></item>
<item name="SR" rev="18">
<attrib name="value" value="25"/></item>
<item name="X" rev="18">
<attrib name="value" value="23"/></item>
<item name="XQ" rev="18">
<attrib name="value" value="24"/></item>
<item name="Y" rev="18">
<attrib name="value" value="20"/></item>
<item name="YQ" rev="18">
<attrib name="value" value="25"/></item>
</group>
<group name="IOB_OUTBUF">
<item name="IN" rev="18">
<attrib name="value" value="15"/></item>
<item name="OUT" rev="18">
<attrib name="value" value="15"/></item>
</group>
<group name="IBUF">
<item name="I" rev="18">
<attrib name="value" value="5"/></item>
<item name="PAD" rev="18">
<attrib name="value" value="5"/></item>
</group>
<group name="SLICEL_FFX">
<item name="CK" rev="18">
<attrib name="value" value="24"/></item>
<item name="D" rev="18">
<attrib name="value" value="24"/></item>
<item name="Q" rev="18">
<attrib name="value" value="24"/></item>
<item name="SR" rev="18">
<attrib name="value" value="24"/></item>
</group>
<group name="SLICEL_C2VDD">
<item name="1" rev="18">
<attrib name="value" value="5"/></item>
</group>
<group name="SLICEL_XORF">
<item name="0" rev="18">
<attrib name="value" value="30"/></item>
<item name="1" rev="18">
<attrib name="value" value="30"/></item>
<item name="O" rev="18">
<attrib name="value" value="30"/></item>
</group>
<group name="SLICEL_FFY">
<item name="CE" rev="18">
<attrib name="value" value="1"/></item>
<item name="CK" rev="18">
<attrib name="value" value="25"/></item>
<item name="D" rev="18">
<attrib name="value" value="25"/></item>
<item name="Q" rev="18">
<attrib name="value" value="25"/></item>
<item name="SR" rev="18">
<attrib name="value" value="25"/></item>
</group>
<group name="SLICEL_XORG">
<item name="0" rev="18">
<attrib name="value" value="30"/></item>
<item name="1" rev="18">
<attrib name="value" value="30"/></item>
<item name="O" rev="18">
<attrib name="value" value="30"/></item>
</group>
<group name="BUFGMUX_GCLKMUX">
<item name="I0" rev="18">
<attrib name="value" value="1"/></item>
<item name="OUT" rev="18">
<attrib name="value" value="1"/></item>
<item name="S" rev="18">
<attrib name="value" value="1"/></item>
</group>
<group name="SLICEL_F5MUX">
<item name="F" rev="18">
<attrib name="value" value="1"/></item>
<item name="G" rev="18">
<attrib name="value" value="1"/></item>
<item name="OUT" rev="18">
<attrib name="value" value="1"/></item>
<item name="S0" rev="18">
<attrib name="value" value="1"/></item>
</group>
<group name="IOB_PAD">
<item name="PAD" rev="18">
<attrib name="value" value="15"/></item>
</group>
<group name="SLICEL_C1VDD">
<item name="1" rev="18">
<attrib name="value" value="3"/></item>
</group>
<group name="IOB">
<item name="O1" rev="18">
<attrib name="value" value="15"/></item>
<item name="PAD" rev="18">
<attrib name="value" value="15"/></item>
</group>
<group name="BUFGMUX">
<item name="I0" rev="18">
<attrib name="value" value="1"/></item>
<item name="O" rev="18">
<attrib name="value" value="1"/></item>
<item name="S" rev="18">
<attrib name="value" value="1"/></item>
</group>
<group name="SLICEL_F">
<item name="A1" rev="18">
<attrib name="value" value="50"/></item>
<item name="A2" rev="18">
<attrib name="value" value="32"/></item>
<item name="A3" rev="18">
<attrib name="value" value="13"/></item>
<item name="A4" rev="18">
<attrib name="value" value="6"/></item>
<item name="D" rev="18">
<attrib name="value" value="50"/></item>
</group>
<group name="SLICEL_G">
<item name="A1" rev="18">
<attrib name="value" value="48"/></item>
<item name="A2" rev="18">
<attrib name="value" value="29"/></item>
<item name="A3" rev="18">
<attrib name="value" value="13"/></item>
<item name="A4" rev="18">
<attrib name="value" value="7"/></item>
<item name="D" rev="18">
<attrib name="value" value="48"/></item>
</group>
<group name="SLICEL_GNDF">
<item name="0" rev="18">
<attrib name="value" value="35"/></item>
</group>
<group name="SLICEL_GNDG">
<item name="0" rev="18">
<attrib name="value" value="31"/></item>
</group>
</ReportPinData>
<CmdHistory>
</CmdHistory>
</DeviceUsageSummary>
